{"stat.useItem.minecraft.bow":2,"stat.leaveGame":4,"stat.pickup.minecraft.jungle_fence":181,"stat.mineBlock.minecraft.sandstone":22,"stat.useItem.minecraft.mutton":1,"stat.useItem.minecraft.planks":1,"stat.pickup.minecraft.golden_boots":2,"stat.pickup.minecraft.glowstone_dust":4,"stat.pickup.minecraft.glass":1,"stat.mineBlock.minecraft.red_mushroom":8,"stat.useItem.minecraft.water_bucket":3,"stat.pickup.minecraft.rotten_flesh":130,"stat.pickup.minecraft.sand":898,"stat.mineBlock.minecraft.jungle_fence_gate":2,"stat.pickup.minecraft.cobblestone_wall":14,"stat.pickup.minecraft.bucket":1,"stat.craftItem.minecraft.lit_pumpkin":20,"stat.craftItem.minecraft.cobblestone_wall":42,"stat.craftItem.minecraft.iron_shovel":2,"stat.pickup.minecraft.brown_mushroom":10,"stat.mineBlock.minecraft.sand":818,"achievement.buildPickaxe":10,"achievement.buildBetterPickaxe":10,"stat.useItem.minecraft.iron_pickaxe":112,"stat.useItem.minecraft.iron_shovel":554,"stat.pickup.minecraft.double_plant":6,"stat.trappedChestTriggered":366,"stat.craftItem.minecraft.glass_pane":224,"stat.mineBlock.minecraft.vine":2,"stat.furnaceInteraction":94,"stat.pickup.minecraft.wooden_button":1,"stat.pickup.minecraft.beef":8,"achievement.mineWood":25,"stat.useItem.minecraft.fence":2,"stat.useItem.minecraft.stone_stairs":5,"achievement.openInventory":280,"stat.pickup.minecraft.stone_stairs":3,"stat.mineBlock.minecraft.fence":21,"stat.useItem.minecraft.wheat_seeds":225,"stat.pickup.minecraft.pumpkin_seeds":2,"stat.deaths":1,"stat.pickup.minecraft.egg":9,"stat.playOneMinute":428896,"stat.drop.minecraft.torch":1,"stat.mineBlock.minecraft.tallgrass":3,"stat.chestOpened":63,"stat.pickup.minecraft.pumpkin":2,"stat.useItem.minecraft.stone":51,"stat.useItem.minecraft.jungle_fence":22,"stat.craftItem.minecraft.carpet":14,"stat.pickup.minecraft.arrow":24,"stat.pickup.minecraft.wooden_pressure_plate":2,"stat.fallOneCm":17301,"stat.useItem.minecraft.trapped_chest":22,"stat.pickup.minecraft.carrot":8,"stat.pickup.minecraft.melon_seeds":130,"stat.drop.minecraft.stone_sword":1,"stat.crouchOneCm":1667,"stat.mineBlock.minecraft.chest":17,"stat.craftItem.minecraft.chest":1,"stat.craftItem.minecraft.iron_ingot":27,"stat.pickup.minecraft.red_mushroom":9,"stat.pickup.minecraft.golden_leggings":3,"stat.pickup.minecraft.melon":147,"stat.craftingTableInteraction":57,"stat.mineBlock.minecraft.wooden_pressure_plate":2,"stat.pickup.minecraft.jungle_door":2,"stat.pickup.minecraft.feather":32,"stat.useItem.minecraft.furnace":1,"stat.pickup.minecraft.dye":59,"stat.mineBlock.minecraft.jungle_fence":50,"stat.pickup.minecraft.planks":176,"stat.pickup.minecraft.wheat_seeds":615,"stat.mineBlock.minecraft.gravel":53,"stat.useItem.minecraft.stone_pickaxe":1158,"stat.mineBlock.minecraft.glass":8,"stat.useItem.minecraft.stone_sword":94,"stat.mineBlock.minecraft.dirt":893,"stat.pickup.minecraft.flint_and_steel":1,"stat.useItem.minecraft.torch":100,"stat.useItem.minecraft.bread":9,"stat.drop.minecraft.rotten_flesh":9,"stat.craftItem.minecraft.stone_stairs":4,"stat.pickup.minecraft.crafting_table":2,"stat.useItem.minecraft.cobblestone":372,"stat.craftItem.minecraft.crafting_table":2,"stat.useItem.minecraft.gravel":19,"stat.pickup.minecraft.log":1061,"stat.useItem.minecraft.jungle_fence_gate":1,"stat.pickup.minecraft.iron_pickaxe":1,"stat.craftItem.minecraft.gold_ingot":16,"stat.pickup.minecraft.sapling":138,"stat.pickup.minecraft.wooden_door":19,"stat.pickup.minecraft.apple":18,"stat.useItem.minecraft.fireworks":1,"stat.useItem.minecraft.glass_pane":239,"stat.breakItem.minecraft.stone_shovel":6,"stat.craftItem.minecraft.bucket":2,"stat.craftItem.minecraft.planks":178,"stat.useItem.minecraft.jungle_door":1,"stat.pickup.minecraft.stone_sword":17,"stat.useItem.minecraft.wooden_pressure_plate":2,"stat.mineBlock.minecraft.log":1,"stat.useItem.minecraft.stone_hoe":6,"stat.useItem.minecraft.wooden_door":6,"achievement.acquireIron":2,"stat.craftItem.minecraft.paper":42,"stat.sneakTime":2133,"stat.pickup.minecraft.wool":76,"stat.mineBlock.minecraft.cobblestone_wall":2,"stat.pickup.minecraft.yellow_flower":4,"stat.craftItem.minecraft.trapped_chest":20,"stat.pickup.minecraft.trapped_chest":4,"stat.pickup.minecraft.chest":27,"stat.pickup.minecraft.tripwire_hook":12,"stat.pickup.minecraft.bone":46,"stat.pickup.minecraft.lit_pumpkin":7,"stat.useItem.minecraft.iron_axe":17,"stat.mineBlock.minecraft.pumpkin":6,"stat.mineBlock.minecraft.cobblestone":148,"stat.pickup.minecraft.stone_pickaxe":9,"stat.pickup.minecraft.flint":57,"stat.mineBlock.minecraft.yellow_flower":3,"stat.swimOneCm":19950,"stat.climbOneCm":10891,"achievement.buildWorkBench":4,"stat.useItem.minecraft.dirt":127,"stat.pickup.minecraft.bow":3,"achievement.exploreAllBiomes":{"value":0,"progress":["Beach","Jungle","Ocean","River","JungleHills","Taiga","TaigaHills","Deep Ocean"]},"stat.pickup.minecraft.stone_hoe":12,"stat.craftItem.minecraft.furnace":1,"stat.useItem.minecraft.egg":19,"stat.craftItem.minecraft.stone_pickaxe":5,"stat.craftItem.minecraft.cooked_beef":118,"stat.pickup.minecraft.shears":1,"stat.pickup.minecraft.cobblestone":1332,"stat.mineBlock.minecraft.carpet":51,"stat.useItem.minecraft.stone_shovel":1180,"stat.flyOneCm":6129,"stat.pickup.minecraft.glass_bottle":2,"stat.pickup.minecraft.sandstone":519,"stat.useItem.minecraft.cooked_beef":9,"stat.pickup.minecraft.redstone":172,"stat.mineBlock.minecraft.iron_ore":69,"stat.timeSinceDeath":39179,"stat.useItem.minecraft.sign":14,"stat.pickup.minecraft.mutton":7,"stat.pickup.minecraft.carpet":56,"stat.mineBlock.minecraft.coal_ore":262,"stat.killEntity.Creeper":3,"stat.pickup.minecraft.shield":1,"stat.pickup.minecraft.string":39,"stat.mineBlock.minecraft.ladder":2,"stat.pickup.minecraft.sandstone_stairs":2,"stat.pickup.minecraft.paper":12,"stat.sprintOneCm":34990,"stat.pickup.minecraft.jungle_fence_gate":2,"stat.craftItem.minecraft.stick":60,"stat.mineBlock.minecraft.crafting_table":1,"stat.useItem.minecraft.carrot":8,"stat.useItem.minecraft.bucket":49,"stat.entityKilledBy.Creeper":1,"stat.pickup.minecraft.sugar":9,"achievement.buildFurnace":2,"stat.drop":13,"stat.killEntity.Sheep":4,"stat.breakItem.minecraft.iron_shovel":3,"stat.useItem.minecraft.ladder":1,"stat.pickup.minecraft.golden_chestplate":3,"stat.useItem.minecraft.melon_seeds":4,"stat.killEntity.Zombie":9,"stat.craftItem.minecraft.dye":2,"stat.drop.minecraft.bread":1,"stat.mineBlock.minecraft.gold_ore":19,"stat.diveOneCm":2747,"stat.pickup.minecraft.wheat":1317,"stat.pickup.minecraft.sign":25,"stat.pickup.minecraft.gravel":391,"stat.drop.minecraft.cooked_beef":1,"stat.pickup.minecraft.stone_axe":9,"stat.useItem.minecraft.carpet":29,"stat.useItem.minecraft.rotten_flesh":5,"stat.jump":1550,"stat.useItem.minecraft.sand":30,"stat.pickup.minecraft.fence":19,"stat.pickup.minecraft.coal":619,"stat.pickup.minecraft.iron_ingot":29,"stat.useItem.minecraft.stone_axe":117,"stat.pickup.minecraft.gunpowder":28,"stat.craftItem.minecraft.bread":8,"stat.pickup.minecraft.spider_eye":22,"stat.craftItem.minecraft.torch":80,"stat.pickup.minecraft.dirt":1085,"stat.pickup.minecraft.iron_ore":69,"stat.useItem.minecraft.glass":472,"stat.pickup.minecraft.stone_shovel":8,"stat.boatOneCm":234215,"stat.pickup.minecraft.gold_ore":21,"stat.mineBlock.minecraft.lapis_ore":3,"stat.mineBlock.minecraft.glass_pane":159,"stat.mineBlock.minecraft.stone_stairs":3,"stat.pickup.minecraft.leather":16,"stat.damageTaken":1550,"stat.mineBlock.minecraft.torch":34,"stat.pickup.minecraft.reeds":42,"stat.pickup.minecraft.oak_stairs":6,"stat.damageDealt":3743,"stat.craftItem.minecraft.glass":602,"stat.sleepInBed":8,"stat.killEntity.Cow":3,"stat.useItem.minecraft.crafting_table":3,"stat.craftItem.minecraft.stone_shovel":11,"stat.walkOneCm":1917620,"stat.animalsBred":1,"stat.useItem.minecraft.chest":1,"stat.pickup.minecraft.stick":72,"stat.useItem.minecraft.pumpkin":11,"stat.mineBlock.minecraft.trapped_chest":2,"stat.useItem.minecraft.lava_bucket":44,"stat.breakItem.minecraft.stone_pickaxe":8,"stat.useItem.minecraft.melon":2,"stat.pickup.minecraft.stone":718,"stat.pickup.minecraft.ender_pearl":1,"stat.pickup.minecraft.cooked_beef":2,"stat.pickup.minecraft.ladder":2,"stat.pickup.minecraft.gold_ingot":1,"stat.killEntity.Skeleton":1,"stat.killEntity.Spider":1,"stat.pickup.minecraft.bread":7,"stat.mobKills":23,"stat.pickup.minecraft.water_bucket":1,"stat.useItem.minecraft.cobblestone_wall":14,"stat.mineBlock.minecraft.leaves":7,"stat.pickup.minecraft.torch":49,"stat.mineBlock.minecraft.redstone_ore":26,"stat.pickup.minecraft.lava_bucket":2,"stat.craftItem.minecraft.coal_block":7,"stat.craftItem.minecraft.map":1,"stat.craftItem.minecraft.compass":1,"stat.craftItem.minecraft.tripwire_hook":20,"stat.pickup.minecraft.jungle_boat":2,"stat.mineBlock.minecraft.stone":648,"stat.useItem.minecraft.sandstone":5}