{"stat.chestOpened":12,"achievement.buildHoe":1,"stat.useItem.minecraft.stone":12,"stat.useItem.minecraft.jungle_fence":10,"stat.leaveGame":1,"stat.killEntity.Ozelot":1,"stat.breakItem.minecraft.wooden_axe":1,"stat.mineBlock.minecraft.brown_mushroom":1,"stat.swimOneCm":59346,"stat.jump":855,"stat.useItem.minecraft.sand":390,"stat.climbOneCm":8280,"stat.fallOneCm":9189,"achievement.buildWorkBench":2,"stat.useItem.minecraft.stone_axe":214,"stat.crouchOneCm":230,"stat.craftItem.minecraft.torch":20,"stat.craftItem.minecraft.chest":1,"stat.useItem.minecraft.dirt":393,"achievement.exploreAllBiomes":{"value":0,"progress":["Beach","Jungle","Ocean","JungleHills"]},"stat.useItem.minecraft.cooked_chicken":4,"stat.craftingTableInteraction":31,"stat.craftItem.minecraft.furnace":2,"stat.entityKilledBy.Spider":1,"stat.useItem.minecraft.egg":3,"stat.craftItem.minecraft.stone_axe":3,"stat.mineBlock.minecraft.stone_stairs":14,"stat.damageTaken":990,"stat.mineBlock.minecraft.torch":2,"stat.craftItem.minecraft.stone_pickaxe":2,"stat.useItem.minecraft.wooden_pickaxe":60,"stat.useItem.minecraft.furnace":2,"stat.mineBlock.minecraft.jungle_fence":2,"stat.useItem.minecraft.stone_shovel":676,"stat.craftItem.minecraft.stone_sword":1,"stat.flyOneCm":10324,"achievement.buildPickaxe":3,"stat.mineBlock.minecraft.sand":398,"stat.mineBlock.minecraft.gravel":39,"stat.breakItem.minecraft.stone_axe":1,"stat.useItem.minecraft.stone_pickaxe":153,"stat.useItem.minecraft.stone_sword":76,"stat.damageDealt":2665,"achievement.buildBetterPickaxe":2,"stat.timeSinceDeath":42406,"stat.useItem.minecraft.crafting_table":3,"stat.mineBlock.minecraft.dirt":382,"stat.craftItem.minecraft.wooden_pickaxe":1,"stat.craftItem.minecraft.stone_slab":6,"stat.craftItem.minecraft.stone_shovel":7,"stat.walkOneCm":745896,"stat.useItem.minecraft.torch":21,"stat.useItem.minecraft.chest":1,"stat.mineBlock.minecraft.vine":96,"stat.craftItem.minecraft.stone_stairs":20,"stat.craftItem.minecraft.crafting_table":2,"stat.furnaceInteraction":16,"stat.useItem.minecraft.gravel":18,"stat.mineBlock.minecraft.coal_ore":22,"stat.breakItem.minecraft.stone_pickaxe":1,"stat.killEntity.Creeper":1,"stat.craftItem.minecraft.stone_hoe":1,"stat.useItem.minecraft.cooked_mutton":2,"achievement.buildSword":1,"achievement.mineWood":88,"stat.sprintOneCm":63388,"stat.mineBlock.minecraft.stone_slab":1,"stat.useItem.minecraft.fence":12,"stat.useItem.minecraft.stone_stairs":24,"stat.craftItem.minecraft.stick":74,"stat.craftItem.minecraft.wooden_axe":1,"stat.breakItem.minecraft.stone_shovel":5,"stat.killEntity.Skeleton":3,"stat.useItem.minecraft.stone_slab":1,"achievement.openInventory":83,"stat.craftItem.minecraft.planks":369,"stat.killEntity.Chicken":1,"stat.useItem.minecraft.wheat_seeds":59,"stat.mineBlock.minecraft.crafting_table":1,"stat.killEntity.Spider":1,"stat.useItem.minecraft.wooden_shovel":64,"stat.mobKills":14,"stat.mineBlock.minecraft.log":96,"stat.craftItem.minecraft.wooden_pressure_plate":1,"stat.entityKilledBy.Creeper":1,"stat.craftItem.minecraft.fence":12,"achievement.killEnemy":10,"stat.craftItem.minecraft.cooked_chicken":4,"stat.craftItem.minecraft.jungle_fence":12,"stat.useItem.minecraft.stone_hoe":57,"achievement.buildFurnace":2,"stat.deaths":2,"stat.drop":1,"stat.mineBlock.minecraft.leaves":274,"stat.playOneMinute":158446,"stat.craftItem.minecraft.wooden_shovel":1,"stat.breakItem.minecraft.wooden_shovel":1,"stat.killEntity.Sheep":2,"stat.killEntity.Zombie":5,"stat.useItem.minecraft.wooden_axe":61,"stat.mineBlock.minecraft.stone":112,"stat.mineBlock.minecraft.tallgrass":285,"stat.craftItem.minecraft.cooked_mutton":2,"stat.diveOneCm":23332,"stat.breakItem.minecraft.wooden_pickaxe":1}