{"stat.useItem.minecraft.bow":163,"stat.killEntity.EntityHorse":2,"stat.leaveGame":66,"stat.pickup.minecraft.jungle_fence":332,"stat.mineBlock.minecraft.sandstone":1145,"stat.breakItem.minecraft.wooden_sword":1,"stat.craftItem.minecraft.shield":2,"stat.pickup.minecraft.rotten_flesh":649,"stat.useItem.minecraft.sandstone_stairs":147,"stat.craftItem.minecraft.stone_axe":46,"stat.pickup.minecraft.cobblestone_wall":183,"stat.pickup.minecraft.bucket":10,"stat.killEntity.Enderman":1,"stat.pickup.minecraft.leather_boots":3,"stat.craftItem.minecraft.iron_shovel":3,"stat.pickup.minecraft.brown_mushroom":60,"achievement.buildPickaxe":213,"stat.breakItem.minecraft.bow":1,"stat.drop.minecraft.sand":1,"stat.useItem.minecraft.iron_pickaxe":552,"stat.craftItem.minecraft.wooden_pickaxe":4,"stat.useItem.minecraft.iron_shovel":635,"stat.drop.minecraft.cooked_mutton":2,"stat.pickup.minecraft.double_plant":23,"stat.craftItem.minecraft.bed":5,"stat.craftItem.minecraft.glass_pane":1040,"stat.mineBlock.minecraft.vine":366,"stat.mineBlock.minecraft.hopper":10,"stat.pickup.minecraft.wooden_shovel":1,"stat.furnaceInteraction":241,"stat.useItem.minecraft.pumpkin_seeds":66,"stat.craftItem.minecraft.leather_helmet":5,"stat.useItem.minecraft.double_plant":5,"stat.pickup.minecraft.beef":709,"stat.mineBlock.minecraft.wooden_button":12,"stat.pickup.minecraft.leather_helmet":3,"stat.useItem.minecraft.trapdoor":18,"stat.useItem.minecraft.fence":50,"achievement.openInventory":3399,"stat.mineBlock.minecraft.fence":38,"stat.useItem.minecraft.flint_and_steel":227,"stat.useItem.minecraft.wheat_seeds":2493,"stat.useItem.minecraft.wooden_button":18,"stat.useItem.minecraft.dye":2,"stat.useItem.minecraft.beef":1,"stat.pickup.minecraft.lever":4,"stat.deaths":56,"stat.pickup.minecraft.bowl":1,"stat.pickup.minecraft.egg":428,"stat.craftItem.minecraft.melon_seeds":156,"stat.craftItem.minecraft.wooden_shovel":6,"stat.craftItem.minecraft.iron_pickaxe":4,"stat.pickup.minecraft.glass_pane":63,"stat.drop.minecraft.iron_ingot":2,"stat.mineBlock.minecraft.tallgrass":1271,"stat.craftItem.minecraft.cooked_mutton":60,"stat.fishCaught":3,"stat.pickup.minecraft.cooked_mutton":22,"stat.chestOpened":1540,"stat.useItem.minecraft.cooked_rabbit":1,"stat.craftItem.minecraft.sign":18,"stat.useItem.minecraft.stone":620,"stat.useItem.minecraft.jungle_fence":105,"stat.pickup.minecraft.arrow":165,"stat.pickup.minecraft.iron_sword":3,"stat.pickup.minecraft.wooden_pressure_plate":17,"stat.pickup.minecraft.carrot":29,"stat.drop.minecraft.stone_sword":3,"stat.crouchOneCm":18585,"achievement.killCow":95,"stat.mineBlock.minecraft.chest":119,"stat.craftItem.minecraft.iron_ingot":329,"stat.craftItem.minecraft.hopper":3,"stat.craftingTableInteraction":629,"stat.mineBlock.minecraft.wooden_pressure_plate":17,"stat.pickup.minecraft.jungle_door":20,"stat.drop.minecraft.double_plant":1,"stat.pickup.minecraft.wooden_pickaxe":2,"stat.useItem.minecraft.reeds":67,"stat.craftItem.minecraft.wooden_sword":2,"stat.mineBlock.minecraft.jungle_fence":63,"stat.pickup.minecraft.dye":86,"stat.pickup.minecraft.planks":1624,"stat.pickup.minecraft.wheat_seeds":4432,"stat.mineBlock.minecraft.glass":57,"stat.mineBlock.minecraft.dirt":6847,"stat.useItem.minecraft.bread":68,"stat.useItem.minecraft.cobblestone":2940,"stat.craftItem.minecraft.leather_boots":3,"stat.useItem.minecraft.gravel":77,"stat.mineBlock.minecraft.double_plant":32,"stat.breakItem.minecraft.golden_helmet":1,"stat.useItem.minecraft.jungle_fence_gate":6,"stat.pickup.minecraft.iron_pickaxe":4,"stat.useItem.minecraft.yellow_flower":25,"stat.craftItem.minecraft.gold_ingot":18,"stat.drop.minecraft.sapling":8,"stat.pickup.minecraft.hopper":10,"stat.pickup.minecraft.chicken":89,"stat.pickup.minecraft.apple":64,"stat.useItem.minecraft.glass_pane":982,"stat.breakItem.minecraft.stone_shovel":92,"stat.pickup.minecraft.coal_block":6,"stat.craftItem.minecraft.bucket":7,"stat.craftItem.minecraft.planks":2702,"stat.useItem.minecraft.iron_sword":18,"stat.entityKilledBy.Wolf":1,"stat.craftItem.minecraft.dirt":66,"stat.craftItem.minecraft.fishing_rod":4,"stat.pickup.minecraft.stone_sword":55,"stat.mineBlock.minecraft.log":1750,"stat.craftItem.minecraft.wooden_door":18,"stat.useItem.minecraft.wooden_door":60,"achievement.acquireIron":18,"stat.craftItem.minecraft.paper":39,"stat.pickup.minecraft.red_flower":56,"stat.pickup.minecraft.wool":435,"stat.useItem.minecraft.wooden_axe":245,"stat.craftItem.minecraft.trapped_chest":4,"stat.pickup.minecraft.trapped_chest":9,"stat.pickup.minecraft.tripwire_hook":5,"stat.craftItem.minecraft.cooked_rabbit":1,"stat.craftItem.minecraft.jungle_boat":3,"stat.useItem.minecraft.iron_axe":207,"stat.drop.minecraft.stone_shovel":2,"stat.mineBlock.minecraft.cobblestone":566,"stat.mineBlock.minecraft.pumpkin":151,"stat.pickup.minecraft.stone_pickaxe":63,"stat.pickup.minecraft.flint":242,"stat.mineBlock.minecraft.yellow_flower":52,"stat.entityKilledBy.Witch":1,"stat.pickup.minecraft.leather_chestplate":2,"stat.drop.minecraft.cobblestone":2,"achievement.buildWorkBench":33,"stat.craftItem.minecraft.arrow":92,"stat.breakItem.minecraft.iron_pickaxe":1,"stat.pickup.minecraft.bow":27,"stat.pickup.minecraft.stone_hoe":52,"stat.craftItem.minecraft.furnace":4,"stat.useItem.minecraft.egg":380,"stat.craftItem.minecraft.iron_boots":1,"stat.craftItem.minecraft.cooked_beef":54,"stat.pickup.minecraft.shears":5,"stat.craftItem.minecraft.bow":6,"stat.mineBlock.minecraft.clay":29,"stat.flyOneCm":123350,"stat.pickup.minecraft.sandstone":3300,"stat.pickup.minecraft.fish":8,"stat.timeSinceDeath":471537,"stat.drop.minecraft.flint_and_steel":1,"stat.killEntity.Wolf":1,"stat.mineBlock.minecraft.coal_ore":554,"stat.drop.minecraft.wool":1,"stat.killEntity.Creeper":48,"stat.pickup.minecraft.shield":1,"stat.craftItem.minecraft.stone_hoe":24,"stat.mineBlock.minecraft.red_mushroom_block":7,"stat.pickup.minecraft.string":156,"stat.craftItem.minecraft.jungle_stairs":228,"stat.mineBlock.minecraft.ladder":12,"stat.useItem.minecraft.milk_bucket":2,"stat.entityKilledBy.Skeleton":24,"achievement.buildSword":61,"stat.sprintOneCm":602474,"stat.useItem.minecraft.hay_block":2,"stat.mineBlock.minecraft.stone_slab":21,"stat.craftItem.minecraft.wooden_axe":4,"stat.drop.minecraft.stone_hoe":1,"stat.pickup.minecraft.leather_leggings":3,"stat.craftItem.minecraft.wooden_pressure_plate":13,"achievement.killEnemy":282,"stat.pickup.minecraft.sugar":36,"stat.craftItem.minecraft.leather_chestplate":3,"stat.useItem.minecraft.wooden_sword":32,"stat.breakItem.minecraft.iron_shovel":1,"stat.useItem.minecraft.ladder":46,"stat.killEntity.Zombie":121,"stat.craftItem.minecraft.dye":72,"stat.craftItem.minecraft.sandstone_stairs":560,"stat.mineBlock.minecraft.gold_ore":26,"stat.diveOneCm":733157,"stat.pickup.minecraft.wheat":5057,"stat.craftItem.minecraft.sandstone":540,"stat.craftItem.minecraft.ladder":45,"achievement.buildHoe":48,"stat.pickup.minecraft.sign":84,"stat.useItem.minecraft.chicken":8,"stat.pickup.minecraft.stone_axe":53,"stat.useItem.minecraft.rotten_flesh":7,"stat.jump":17282,"stat.useItem.minecraft.sand":3645,"stat.pickup.minecraft.coal":1707,"stat.pickup.minecraft.iron_ingot":202,"stat.craftItem.minecraft.lever":1,"stat.pickup.minecraft.gunpowder":78,"stat.craftItem.minecraft.torch":326,"stat.breakItem.minecraft.golden_leggings":2,"achievement.makeBread":181,"stat.pickup.minecraft.dirt":7749,"stat.useItem.minecraft.glass":444,"stat.useItem.minecraft.dispenser":2,"stat.pickup.minecraft.stone_shovel":65,"stat.useItem.minecraft.sapling":76,"stat.pickup.minecraft.gold_ore":46,"stat.pickup.minecraft.iron_axe":5,"stat.mineBlock.minecraft.glass_pane":130,"stat.damageTaken":29425,"stat.mineBlock.minecraft.red_flower":29,"stat.mineBlock.minecraft.torch":217,"stat.mineBlock.minecraft.melon_block":70,"stat.mineBlock.minecraft.sapling":19,"stat.mineBlock.minecraft.sandstone_stairs":60,"stat.pickup.minecraft.bed":1,"stat.entityKilledBy.Zombie":10,"stat.craftItem.minecraft.stone_slab":378,"stat.animalsBred":411,"stat.useItem.minecraft.chest":144,"stat.drop.minecraft.wheat":2,"stat.useItem.minecraft.pumpkin":88,"stat.useItem.minecraft.tnt":5,"stat.useItem.minecraft.lava_bucket":71,"stat.useItem.minecraft.melon":9,"stat.craftItem.minecraft.iron_chestplate":1,"stat.pickup.minecraft.ender_pearl":6,"stat.breakItem.minecraft.stone_hoe":8,"stat.pickup.minecraft.cooked_beef":55,"stat.pickup.minecraft.ladder":3,"stat.breakItem.minecraft.golden_boots":3,"stat.drop.minecraft.lit_pumpkin":1,"stat.mineBlock.minecraft.tnt":1,"stat.useItem.minecraft.tripwire_hook":6,"stat.mobKills":598,"stat.craftItem.minecraft.shears":3,"stat.useItem.minecraft.boat":14,"stat.useItem.minecraft.cobblestone_wall":142,"stat.breakItem.minecraft.wooden_shovel":5,"stat.pickup.minecraft.torch":344,"stat.drop.minecraft.stone_axe":4,"stat.drop.minecraft.arrow":1,"stat.breakItem.minecraft.stone_sword":8,"stat.pickup.minecraft.jungle_boat":14,"stat.useItem.minecraft.string":1,"stat.killEntity.Ozelot":1,"stat.craftItem.minecraft.iron_axe":1,"stat.useItem.minecraft.mutton":11,"stat.pickup.minecraft.fishing_rod":1,"stat.useItem.minecraft.planks":113,"stat.pickup.minecraft.golden_boots":13,"stat.pickup.minecraft.glowstone_dust":16,"stat.pickup.minecraft.glass":90,"stat.useItem.minecraft.water_bucket":319,"stat.mineBlock.minecraft.red_mushroom":16,"stat.pickup.minecraft.sand":8355,"stat.mineBlock.minecraft.jungle_fence_gate":3,"stat.entityKilledBy.Spider":1,"stat.craftItem.minecraft.lit_pumpkin":54,"stat.craftItem.minecraft.cobblestone_wall":228,"stat.craftItem.minecraft.stone_sword":30,"stat.useItem.minecraft.brown_mushroom":2,"stat.mineBlock.minecraft.sand":7418,"stat.craftItem.minecraft.wooden_hoe":1,"stat.craftItem.minecraft.cooked_fish":2,"achievement.buildBetterPickaxe":210,"stat.hopperInspected":30,"stat.breakItem.minecraft.flint_and_steel":1,"stat.trappedChestTriggered":996,"achievement.breedCow":142,"stat.useItem.minecraft.oak_stairs":152,"stat.craftItem.minecraft.pumpkin_seeds":52,"stat.breakItem.minecraft.golden_chestplate":3,"stat.pickup.minecraft.wooden_button":16,"stat.pickup.minecraft.filled_map":1,"stat.useItem.minecraft.cooked_mutton":55,"stat.pickup.minecraft.furnace":12,"stat.useItem.minecraft.redstone":1,"achievement.mineWood":1577,"stat.useItem.minecraft.stone_stairs":3,"stat.pickup.minecraft.stone_stairs":3,"stat.pickup.minecraft.pumpkin_seeds":55,"stat.drop.minecraft.jungle_boat":1,"stat.useItem.minecraft.hopper":12,"stat.mineBlock.minecraft.jungle_stairs":204,"stat.craftItem.minecraft.heavy_weighted_pressure_plate":1,"stat.mineBlock.minecraft.oak_stairs":13,"stat.playOneMinute":4740342,"stat.useItem.minecraft.jungle_stairs":339,"stat.useItem.minecraft.shears":239,"stat.pickup.minecraft.dispenser":2,"stat.pickup.minecraft.pumpkin":144,"stat.useItem.minecraft.fish":3,"stat.craftItem.minecraft.carpet":183,"stat.mineBlock.minecraft.dispenser":2,"stat.breakItem.minecraft.leather_helmet":1,"stat.pickup.minecraft.cooked_chicken":7,"stat.fallOneCm":217395,"stat.useItem.minecraft.trapped_chest":11,"stat.pickup.minecraft.melon_seeds":187,"stat.craftItem.minecraft.chest":35,"stat.mineBlock.minecraft.lever":2,"stat.pickup.minecraft.red_mushroom":70,"stat.pickup.minecraft.golden_leggings":7,"stat.pickup.minecraft.melon":472,"stat.pickup.minecraft.feather":147,"stat.craftItem.minecraft.wooden_button":5,"stat.useItem.minecraft.furnace":17,"stat.pickup.minecraft.iron_leggings":1,"stat.mineBlock.minecraft.gravel":964,"stat.useItem.minecraft.stone_pickaxe":8967,"stat.breakItem.minecraft.stone_axe":27,"stat.useItem.minecraft.stone_sword":1698,"stat.craftItem.minecraft.iron_leggings":1,"stat.killEntity.Rabbit":1,"stat.useItem.minecraft.wool":2,"stat.craftItem.minecraft.oak_stairs":144,"stat.drop.minecraft.reeds":1,"stat.drop.minecraft.iron_axe":1,"stat.pickup.minecraft.flint_and_steel":9,"stat.useItem.minecraft.torch":458,"stat.pickup.minecraft.crafting_table":18,"stat.craftItem.minecraft.crafting_table":20,"stat.craftItem.minecraft.boat":8,"stat.pickup.minecraft.log":4496,"stat.useItem.minecraft.cooked_fish":1,"stat.drop.minecraft.planks":1,"stat.pickup.minecraft.sapling":883,"stat.pickup.minecraft.wooden_door":50,"stat.entityKilledBy.Enderman":4,"stat.mineBlock.minecraft.tripwire_hook":5,"stat.breakItem.minecraft.wooden_hoe":1,"stat.useItem.minecraft.jungle_door":25,"stat.useItem.minecraft.wooden_pressure_plate":30,"stat.craftItem.minecraft.cooked_chicken":23,"stat.useItem.minecraft.stone_hoe":1544,"stat.craftItem.minecraft.sugar":9,"stat.sneakTime":21227,"stat.mineBlock.minecraft.cobblestone_wall":44,"stat.pickup.minecraft.stone_slab":83,"stat.pickup.minecraft.yellow_flower":82,"stat.useItem.minecraft.fishing_rod":64,"stat.pickup.minecraft.chest":122,"stat.craftItem.minecraft.jungle_door":9,"stat.craftItem.minecraft.leather_leggings":3,"stat.drop.minecraft.stone_pickaxe":1,"stat.pickup.minecraft.bone":178,"stat.horseOneCm":2701,"stat.pickup.minecraft.lit_pumpkin":69,"stat.mineBlock.minecraft.brown_mushroom":21,"stat.swimOneCm":811988,"stat.climbOneCm":222289,"stat.drop.minecraft.brown_mushroom":1,"stat.useItem.minecraft.dirt":5945,"stat.pickup.minecraft.golden_helmet":4,"achievement.exploreAllBiomes":{"value":0,"progress":["ForestHills","Birch Forest","Roofed Forest","Flower Forest","Plains","Taiga M","TaigaHills","Beach","Stone Beach","Mega Taiga Hills","Jungle","River","Ocean","Forest","JungleHills","Taiga","Mega Taiga","Deep Ocean"]},"stat.useItem.minecraft.jungle_boat":10,"stat.useItem.minecraft.red_flower":10,"stat.craftItem.minecraft.trapdoor":4,"stat.craftItem.minecraft.stone_pickaxe":106,"stat.pickup.minecraft.cobblestone":8211,"stat.mineBlock.minecraft.carpet":110,"stat.useItem.minecraft.stone_shovel":12476,"stat.pickup.minecraft.glass_bottle":3,"stat.useItem.minecraft.red_mushroom":20,"stat.drop.minecraft.wheat_seeds":3,"stat.useItem.minecraft.cooked_beef":76,"stat.pickup.minecraft.redstone":6,"stat.craftItem.minecraft.dispenser":1,"stat.mineBlock.minecraft.iron_ore":357,"stat.useItem.minecraft.sign":56,"stat.pickup.minecraft.mutton":362,"stat.drop.minecraft.coal":1,"stat.useItem.minecraft.lever":5,"stat.drop.minecraft.dirt":3,"stat.pickup.minecraft.iron_shovel":1,"stat.pickup.minecraft.carpet":295,"stat.pickup.minecraft.trapdoor":5,"stat.pickup.minecraft.jungle_stairs":473,"stat.pickup.minecraft.sandstone_stairs":123,"stat.pickup.minecraft.paper":11,"stat.pickup.minecraft.jungle_fence_gate":5,"stat.craftItem.minecraft.stick":1598,"stat.useItem.minecraft.stone_slab":330,"stat.craftItem.minecraft.jungle_fence_gate":2,"stat.useItem.minecraft.bed":8,"stat.craftItem.minecraft.stone":415,"stat.mineBlock.minecraft.crafting_table":20,"stat.drop.minecraft.leaves":42,"stat.useItem.minecraft.carrot":25,"stat.useItem.minecraft.wooden_shovel":344,"stat.useItem.minecraft.bucket":393,"stat.entityKilledBy.Creeper":9,"stat.breakItem.minecraft.shears":1,"achievement.buildFurnace":6,"stat.mineBlock.minecraft.planks":93,"stat.drop":103,"stat.killEntity.Sheep":109,"stat.pickup.minecraft.golden_chestplate":8,"stat.useItem.minecraft.melon_seeds":71,"stat.craftItem.minecraft.piston":1,"stat.pickup.minecraft.gravel":2497,"stat.drop.minecraft.cooked_beef":1,"stat.useItem.minecraft.glass_bottle":1,"stat.useItem.minecraft.apple":2,"stat.breakItem.minecraft.wooden_axe":4,"stat.mineBlock.minecraft.deadbush":1,"stat.entityKilledBy.Guardian":1,"stat.useItem.minecraft.carpet":282,"stat.useItem.minecraft.potion":1,"stat.pickup.minecraft.fence":9,"stat.useItem.minecraft.wooden_hoe":60,"stat.useItem.minecraft.stone_axe":4053,"stat.useItem.minecraft.piston":9,"stat.craftItem.minecraft.bread":99,"stat.pickup.minecraft.spider_eye":84,"stat.craftItem.minecraft.iron_helmet":1,"stat.useItem.minecraft.cooked_chicken":23,"stat.pickup.minecraft.iron_ore":438,"stat.boatOneCm":5450179,"stat.craftItem.minecraft.flint_and_steel":5,"stat.pickup.minecraft.leaves":386,"stat.mineBlock.minecraft.stone_stairs":3,"stat.pickup.minecraft.leather":154,"stat.mineBlock.minecraft.furnace":13,"stat.useItem.minecraft.wooden_pickaxe":182,"stat.dispenserInspected":2,"stat.pickup.minecraft.reeds":252,"stat.pickup.minecraft.oak_stairs":28,"stat.damageDealt":74909,"stat.craftItem.minecraft.glass":431,"stat.sleepInBed":93,"stat.killEntity.Cow":110,"stat.useItem.minecraft.crafting_table":37,"stat.craftItem.minecraft.iron_sword":2,"stat.pickup.minecraft.piston":8,"stat.craftItem.minecraft.stone_shovel":105,"stat.pickup.minecraft.boat":10,"stat.walkOneCm":22824364,"stat.pickup.minecraft.stick":1167,"stat.pickup.minecraft.clay_ball":116,"stat.mineBlock.minecraft.trapped_chest":9,"stat.breakItem.minecraft.stone_pickaxe":62,"stat.pickup.minecraft.tnt":3,"stat.pickup.minecraft.stone":4311,"stat.mineBlock.minecraft.wool":1,"stat.craftItem.minecraft.hay_block":1,"stat.useItem.minecraft.leaves":65,"stat.killEntity.Skeleton":48,"stat.killEntity.Chicken":80,"stat.killEntity.Spider":65,"stat.pickup.minecraft.bread":40,"stat.craftItem.minecraft.tnt":5,"stat.craftItem.minecraft.fence":27,"stat.craftItem.minecraft.jungle_fence":122,"stat.pickup.minecraft.water_bucket":4,"stat.breakItem.minecraft.iron_axe":1,"stat.mineBlock.minecraft.leaves":4457,"stat.mineBlock.minecraft.piston":8,"stat.mineBlock.minecraft.redstone_ore":2,"stat.craftItem.minecraft.coal_block":34,"stat.mineBlock.minecraft.hay_block":1,"stat.craftItem.minecraft.tripwire_hook":6,"stat.mineBlock.minecraft.stone":6529,"stat.breakItem.minecraft.wooden_pickaxe":2,"stat.useItem.minecraft.sandstone":622}