{
"textures": {
    "particle": "#particle",
    "texture": "#texture",
    "frame": "#frame",
    "west": "#west"
},
"elements": [ 
{
    "from": [ 0, 0, 0 ],
    "to": [ 3, 16, 16 ],
    "faces": {
        "down":  { "uv": [ 3, 16, 0, 0 ], "texture": "#frame", "cullface": "down" },
        "up":    { "uv": [ 0, 0, 3, 16 ], "texture": "#frame" },
        "north": { "uv": [ 3, 0, 6, 16 ], "texture": "#frame", "cullface": "north" },
        "south": { "uv": [ 3, 0, 6, 16 ], "texture": "#frame", "cullface": "south" },
        "west":  { "uv": [ 0, 0, 16, 16 ], "texture": "#west", "cullface": "west" },
        "east":  { "uv": [ 0, 0, 16, 16 ], "texture": "#texture" }
    }
}
]
}